{"cameraMode":{"drawMode":0,"name":"Shaded","section":"Shading Mode"},"sceneLighting":true,"audioPlay":false,"sceneViewState":{"m_AlwaysRefresh":true,"showFog":true,"showSkybox":true,"showFlares":true,"showImageEffects":true,"showParticleSystems":true,"showVisualEffectGraphs":true,"m_FxEnabled":true},"in2DMode":false,"pivot":{"x":0.10939259082078934,"y":-0.38659095764160159,"z":-0.1273230016231537},"rotation":{"x":0.19071952998638154,"y":-0.3402310311794281,"z":0.07067863643169403,"w":0.9180816411972046},"size":7.491786956787109,"orthographic":true}